"Title","WorkoutType","WorkoutDescription","PlannedDuration","PlannedDistanceInMeters","WorkoutDay","CoachComments","DistanceInMeters","PowerAverage","PowerMax","Energy","AthleteComments","TimeTotalInHours","VelocityAverage","VelocityMax","CadenceAverage","CadenceMax","HeartRateAverage","HeartRateMax","TorqueAverage","TorqueMax","IF","TSS","HRZone1Minutes","HRZone2Minutes","HRZone3Minutes","HRZone4Minutes","HRZone5Minutes","HRZone6Minutes","HRZone7Minutes","HRZone8Minutes","HRZone9Minutes","HRZone10Minutes","PWRZone1Minutes","PWRZone2Minutes","PWRZone3Minutes","PWRZone4Minutes","PWRZone5Minutes","PWRZone6Minutes","PWRZone7Minutes","PWRZone8Minutes","PWRZone9Minutes","PWRZone10Minutes","Rpe","Feeling"
"Zwift - Workout of the Week | Ivan Garcia Cortina in Watopia","Bike","","","","2023-07-01","","21407.3203125","135","224","360.4","","0.736600518226624","8.07199954986572","","72","","0","0","","","0.60794916068838","26.55","","","","","","","","","","","29","2","13","0","0","0","","","","","",""
"Zwift - Tempo 15min / Target rpm #3 in Watopia","Bike","","","","2023-07-02","","35845.01953125","140","209","593.267","","1.17055559158325","8.50599956512451","","74","","0","0","","","0.576156016397108","38.64","","","","","","","","","","","22","47","1","0","0","0","","","","","",""
"Zwift - The Wringer in Watopia","Bike","","","","2023-07-03","","11729.8095703125","135","398","210.174","","0.43194442987442","7.54300022125244","","68","","0","0","","","0.774883574909463","25.62","","","","","","","","","","","20","3","0","0","0","3","","","","","",""
"Zwift - Pacer Group Ride: Volcano Flat in Watopia with Miguel","Bike","","","","2023-07-03","","17852.2890625","133","292","256.465","","0.535277783870697","9.26399993896484","","76","","0","0","","","0.533062552751459","14.98","","","","","","","","","","","22","9","1","0","0","0","","","","","",""
"Zwift - Climb Portal - Volcano in Watopia","Bike","","","","2023-07-04","","29024.369140625","152","332","785.208","","1.43357801437378","5.6230001449585","","62","","0","0","","","0.67243755309146","64.19","","","","","","","","","","","24","47","13","2","0","0","","","","","",""
"Zwift - Pacer Group Ride: Petit Boucle in France with Miguel","Bike","","","","2023-07-05","","24189.560546875","145","418","412.352","","0.788888871669769","8.51700019836426","","77","","0","0","","","0.602002942522252","28.37","","","","","","","","","","","23","19","5","1","0","0","","","","","",""
"Zwift - The Gorby in Scotland","Bike","","","","2023-07-06","","30782.9296875","145","218","549.68","","1.05250000953674","8.12399959564209","","75","","0","0","","","0.659605280974861","45.58","","","","","","","","","","","37","1","25","0","0","0","","","","","",""
"Zwift - Workout of the Week | Sepp Kuss: Cadence Efforts in France","Bike","","","","2023-07-07","","33141.609375","139","727","557.995","","1.10916662216187","8.29899978637695","","79","","0","0","","","0.619664685470201","42.21","","","","","","","","","","","30","34","1","1","0","0","","","","","",""
"Zwift - Pacer Group Ride: Volcano Flat in Watopia with Miguel","Bike","","","","2023-07-08","","25103.240234375","134","377","365.46","","0.756666660308838","9.21500015258789","","83","","0","0","","","0.53754544933187","21.61","","","","","","","","","","","31","13","1","0","0","0","","","","","",""
"Zwift - Group Ride: 3R Endurance Steady Ride (C) on Watopia's Waistband in Watopia","Bike","","","","2023-07-09","","50052.53125","184","439","853.986","","1.28583335876465","10.8120002746582","","82","","0","0","","","0.729907077284063","68.24","","","","","","","","","","","7","47","19","4","1","1","","","","","",""
"Zwift - Pacer Group Ride: Triple Flat Loops in Watopia with Bernie","Bike","","","","2023-07-09","","16828.80078125","125","296","240.176","","0.531388878822327","8.79699993133545","","75","","0","0","","","0.512541413008406","13.78","","","","","","","","","","","24","7","1","0","0","0","","","","","",""
"Zwift - 2 by 2 in Watopia","Bike","","","","2023-07-10","","24263.08984375","147","324","410.1","","0.772499978542328","8.72399997711182","","82","","0","0","","","0.647493082979963","31.97","","","","","","","","","","","29","8","5","4","0","0","","","","","",""
"Zwift - Climb Portal - Mont Saint-Michel in France","Bike","","","","2023-07-12","","41942.71875","164","313","1231.496","","2.07472229003906","5.61499977111816","","64","","0","0","","","0.720948882801689","107.25","","","","","","","","","","","34","42","44","4","1","0","","","","","",""
"Zwift - Workout of the Week | Michael Matthews in Watopia","Bike","","","","2023-07-13","","30709.5","136","853","514.06","","1.04333329200745","8.17599964141846","","84","","0","0","","","0.691294220982358","49.6","","","","","","","","","","","43","14","1","0","3","1","","","","","",""
"Zwift - Climb Portal - Mont Saint-Michel in France","Bike","","","","2023-07-14","","33853.140625","170","325","970.897","","1.57833337783813","5.95699977874756","","71","","0","0","","","0.757042376707471","90.42","","","","","","","","","","","28","12","48","6","1","0","","","","","",""
"Zwift - Group Ride: 3R Endurance Steady Ride (C) on Tick Tock in Watopia","Bike","","","","2023-07-16","","40542.6796875","191","412","693.689","","1.00638890266418","11.1899995803833","","86","","0","0","","","0.750527629062249","56.28","","","","","","","","","","","2","34","21","3","0","0","","","","","",""
"Zwift - Pacer Group Ride: R.G.V. in France with Miguel","Bike","","","","2023-07-16","","18072.390625","134","273","244.716","","0.506388902664185","9.91300010681152","","80","","0","0","","","0.537056033092106","14.37","","","","","","","","","","","19","10","1","0","0","0","","","","","",""
"Zwift - Pacer Group Ride: Roule Ma Poule in France with Miguel","Bike","","","","2023-07-17","","25946.7890625","145","521","438.606","","0.838611125946045","8.5939998626709","","82","","0","0","","","0.609200028239269","30.92","","","","","","","","","","","25","23","2","0","0","0","","","","","",""
"Zwift - Pacer Group Ride: Tick Tock in Watopia with Miguel","Bike","","","","2023-07-18","","35491.921875","141","847","514.344","","1.01111114025116","9.75","","85","","0","0","","","0.748074785599461","56.09","","","","","","","","","","","37","21","2","0","0","1","","","","","",""
"Zwift - Climb Portal: Col du Platzerwasel in France","Bike","","","","2023-07-20","","21131.4609375","169","317","615.448","","1.00944447517395","5.81400012969971","","72","","0","0","","","0.754312218699696","57.02","","","","","","","","","","","20","11","22","6","1","0","","","","","",""
"Zwift - Group Ride: Bicycle Way of Life Saturday Ride (D) on Tempus Fugit in Watopia","Bike","","","","2023-07-22","","101545.09375","162","470","1565.373","","2.68027782440186","10.5229997634888","","84","","0","0","","","0.640861546237035","109.96","","","","","","","","","","","39","104","14","3","1","0","","","","","",""
"Zwift - Pacer Group Ride: Tick Tock in Watopia with Miguel","Bike","","","","2023-07-23","","35731.19921875","138","299","500.459","","1.00583338737488","9.86699962615967","","82","","0","0","","","0.548495237309397","30.03","","","","","","","","","","","37","22","1","0","0","0","","","","","",""
"Zwift - Workout of the Week | Marianne Vos: TT Workout in Watopia","Bike","","","","2023-07-24","","19357.80078125","154","311","468.848","","0.845000028610229","6.36299991607666","","81","","0","0","","","0.689845501838618","39.78","","","","","","","","","","","28","6","14","2","0","0","","","","","",""
"Zwift - Pacer Group Ride: Tempus Fugit in Watopia with Miguel","Bike","","","","2023-07-24","","6654.759765625","149","817","98.978","","0.184166669845581","10.0369997024536","","83","","0","0","","","1.03169328534275","18.73","","","","","","","","","","","8","2","0","0","0","1","","","","","",""
"Zwift - Pacer Group Ride: Watopia's Waistband in Watopia with Maria","Bike","","","","2023-07-25","","40326.078125","163","312","633.179","","1.07500004768372","10.4200000762939","","88","","0","0","","","0.648586521956015","44.98","","","","","","","","","","","15","41","6","1","0","0","","","","","",""
"Zwift - Road to Sky in Watopia","Bike","","","","2023-07-27","","33861.8203125","181","360","1060.866","","1.62305557727814","5.79500007629395","","76","","0","0","","","0.808048055466542","105.62","","","","","","","","","","","29","5","44","19","0","0","","","","","",""
"Zwift - Pacer Group Ride: Tempus Fugit in Watopia with Miguel","Bike","","","","2023-07-28","","31388.9296875","133","230","415.122","","0.866111099720001","10.0670003890991","","83","","0","0","","","0.526131580821284","23.71","","","","","","","","","","","38","14","0","0","0","0","","","","","",""
"Zwift - Group Ride: Bicycle Way of Life Saturday Ride (D) on Watopia's Waistband in Watopia","Bike","","","","2023-07-29","","101475.2265625","168","588","1680.482","","2.77416658401489","10.1599998474121","","81","","0","0","","","0.674804954563297","125.75","","","","","","","","","","","38","98","24","5","1","0","","","","","",""
"Zwift - Pacer Group Ride: Tempus Fugit in Watopia with Miguel","Bike","","","","2023-07-30","","27513.859375","139","275","379.022","","0.756944417953491","10.0959997177124","","78","","0","0","","","0.548488667319697","22.54","","","","","","","","","","","28","17","0","0","0","0","","","","","",""
"Zwift - 2x15 FTP Intervals in Watopia","Bike","","","","2023-08-01","","40410.23828125","173","236","709.687","","1.13861107826233","9.85799980163574","","78","","0","0","","","0.741402842869185","62.29","","","","","","","","","","","28","10","30","0","0","0","","","","","",""
"Zwift - Pacer Group Ride: Flat Route in Watopia with Maria","Bike","","","","2023-08-02","","40455.51953125","163","883","640.921","","1.08666670322418","10.3409996032715","","78","","0","0","","","0.753406671719609","61.34","","","","","","","","","","","18","39","6","2","0","0","","","","","",""
"Zwift - Pacer Group Ride: Tire-Bouchon in France with Maria","Bike","","","","2023-08-04","","36062.16015625","177","366","643.788","","1.00666666030884","9.94999980926514","","79","","0","0","","","0.707774925981705","50.05","","","","","","","","","","","9","33","14","3","0","0","","","","","",""
"Zwift - Group Ride: Bicycle Way of Life Saturday Ride (D) on Tempus Fugit in Watopia","Bike","","","","2023-08-05","","103533.328125","169","501","1832.785","","3.00666666030884","9.5649995803833","","80","","0","0","","","0.685111134584249","140.69","","","","","","","","","","","43","99","30","8","1","0","","","","","",""
"Zwift - Pacer Group Ride: Tempus Fugit in Watopia with Bernie","Bike","","","","2023-08-06","","26804.08984375","140","283","383.008","","0.756388902664185","9.8430004119873","","87","","0","0","","","0.561240055674407","23.53","","","","","","","","","","","28","17","1","0","0","0","","","","","",""
"Zwift - Pacer Group Ride: Railways and Rooftops in Makuri Islands with Maria","Bike","","","","2023-08-10","","35551.98046875","174","398","645.862","","1.02972221374512","9.59000015258789","","83","","0","0","","","0.694477168411869","49.16","","","","","","","","","","","17","25","14","4","1","0","","","","","",""
"Zwift - Pacer Group Ride: Flat Route in Watopia with Miguel","Bike","","","","2023-08-11","","40724.48046875","142","377","618.194","","1.20333337783813","9.39999961853027","","82","","0","0","","","0.574022244135939","39.52","","","","","","","","","","","39","28","4","1","0","0","","","","","",""
"Zwift - Group Ride: Bicycle Way of Life Saturday Ride (D) on Tempus Fugit in Watopia","Bike","","","","2023-08-12","","101172.15625","194","484","1752.552","","2.50472211837769","11.2200002670288","","87","","0","0","","","0.766722222599979","146.93","","","","","","","","","","","13","72","45","14","5","1","","","","","",""
"Zwift - Pacer Group Ride: Flat Route in Watopia with Miguel","Bike","","","","2023-08-13","","33967.96875","132","284","484.454","","1.01499998569489","9.29599952697754","","79","","0","0","","","0.530475865463641","28.27","","","","","","","","","","","41","18","1","0","0","0","","","","","",""
"Zwift - Pacer Group Ride: Rolling Highlands in Scotland with Maria","Bike","","","","2023-08-15","","37198.80078125","165","307","600.864","","1.00611114501953","10.2700004577637","","79","","0","0","","","0.663041656345383","43.77","","","","","","","","","","","17","31","11","2","0","0","","","","","",""
"Zwift - Pacer Group Ride: Volcano Circuit in Watopia with Maria","Bike","","","","2023-08-17","","38744.8984375","166","337","612.354","","1.01861107349396","10.5649995803833","","85","","0","0","","","0.663397338389987","44.35","","","","","","","","","","","16","34","8","3","1","0","","","","","",""
"Zwift - Ven-Top in France","Bike","","","","2023-08-18","","42172.0703125","197","310","1475.391","","2.07879114151001","5.63500022888184","","75","","0","0","","","0.834471345895183","143","","","","","","","","","","","22","4","74","24","0","0","","","","","",""
"Zwift - 2x20 FTP Intervals in Watopia","Bike","","","","2023-08-22","","23701.880859375","167","231","455.61","","0.753611087799072","8.73600006103516","","75","","0","0","","","0.726319233095679","39.42","","","","","","","","","","","16","9","20","0","0","0","","","","","",""
"Zwift - Pacer Group Ride: Triple Flat Loops in Watopia with Maria","Bike","","","","2023-08-24","","45197.7890625","158","354","726.903","","1.27416670322418","9.85299968719482","","84","","0","0","","","0.630208056644312","50.3","","","","","","","","","","","21","48","6","1","0","0","","","","","",""
"Zwift - Pacer Group Ride: Volcano Circuit in Watopia with Miguel","Bike","","","","2023-08-26","","100134.03125","154","416","1581.369","","2.83611106872559","9.80700016021729","","84","","0","0","","","0.620149578032938","108.5","","","","","","","","","","","63","92","12","3","0","0","","","","","",""
"Zwift - Step By Step in Watopia","Bike","","","","2023-08-28","","33885.5390625","161","278","589.007","","1.00999999046326","9.31900024414063","","85","","0","0","","","0.72488849620127","52.73","","","","","","","","","","","29","14","2","15","0","0","","","","","",""
"Zwift - Tempo in Watopia","Bike","","","","2023-08-30","","48420.078125","155","311","859.924","","1.53750002384186","8.74699974060059","","86","","0","0","","","0.656117652955888","65.99","","","","","","","","","","","47","38","5","2","0","0","","","","","",""
"Zwift - Pacer Group Ride: Volcano Flat in Watopia with Maria","Bike","","","","2023-08-31","","35542.25","151","294","560.797","","1.02611112594604","9.62100028991699","","86","","0","0","","","0.605163753836263","37.4","","","","","","","","","","","24","33","3","1","0","0","","","","","",""
"Zwift - Pacer Group Ride: Three Little Sisters in Watopia with Coco","Bike","","","","2023-09-02","","80616.8515625","191","544","1577.727","","2.28305554389954","9.80799961090088","","83","","0","0","","","0.766611179374379","133.69","","","","","","","","","","","16","58","46","14","2","1","","","","","",""
"Zwift - Workout 14 in Watopia","Bike","","","","2023-09-04","","38725.6484375","144","307","657.323","","1.26666665077209","8.49199962615967","","85","","0","0","","","0.704604152754485","62.46","","","","","","","","","","","57","3","0","7","9","0","","","","","",""
"Zwift - Pacer Group Ride: Island Hopper in Makuri Islands with Maria","Bike","","","","2023-09-05","","37156.44921875","161","331","676.972","","1.16277778148651","8.87600040435791","","82","","0","0","","","0.643987191846825","48.03","","","","","","","","","","","21","37","10","1","0","0","","","","","",""
"Zwift - Pacer Group Ride: Tick Tock in Watopia with Coco","Bike","","","","2023-09-08","","48398.578125","189","336","876.693","","1.28222227096558","10.4840002059937","","84","","0","0","","","0.748339004495202","71.25","","","","","","","","","","","3","44","25","4","0","0","","","","","",""
"Zwift - Pacer Group Ride: Volcano Flat in Watopia with Miguel","Bike","","","","2023-09-10","","2604.7099609375","125","285","37.66","","0.0832033380866051","8.69499969482422","","85","","0","0","","","0.528424256942867","2.11","","","","","","","","","","","4","1","0","0","0","0","","","","","",""
"Zwift - Group Ride: 3R Endurance Steady Ride (C) on R.G.V. in France","Bike","","","","2023-09-10","","100917.3671875","182","411","1768.941","","2.69888877868652","10.3859996795654","","76","","0","0","","","0.72155860464052","139.78","","","","","","","","","","","17","97","36","10","2","0","","","","","",""
"Zwift - Watopia","Bike","","","","2023-09-10","","29080.2890625","169","323","487.041","","0.797777771949768","10.125","","77","","0","0","","","0.675909697331503","36.14","","","","","","","","","","","8","33","7","0","0","0","","","","","",""
"Zwift - Pacer Group Ride: Tick Tock in Watopia with Maria","Bike","","","","2023-09-11","","27436.73046875","155","252","422.892","","0.757222235202789","10.0640001296997","","77","","0","0","","","0.6135307669753","28.26","","","","","","","","","","","14","29","2","0","0","0","","","","","",""
"Zwift - Quatch Quest in Watopia","Bike","","","","2023-09-13","","64504.87109375","170","355","1767.578","","2.87309980392456","6.23600006103516","","66","","0","0","","","0.750595869158392","160.27","","","","","","","","","","","50","36","72","14","0","0","","","","","",""
"Zwift - Pacer Group Ride: Tick Tock in Watopia with Maria","Bike","","","","2023-09-14","","37144.26171875","162","267","596.562","","1.01999998092651","10.1149997711182","","78","","0","0","","","0.644270704651356","42.11","","","","","","","","","","","12","44","5","0","0","0","","","","","",""
"Zwift - Pacer Group Ride: Tempus Fugit in Watopia with Coco","Bike","","","","2023-09-16","","48422.8515625","182","293","819.604","","1.24694442749023","10.7869997024536","","79","","0","0","","","0.72075033229377","64.28","","","","","","","","","","","3","53","17","2","0","0","","","","","",""
"Zwift - Ramp Test in Watopia","Bike","","","","2023-09-18","","32351.51953125","133","351","483.741","","1.00472223758698","8.94400024414063","","79","","0","0","","","0.683081535614782","46.77","","","","","","","","","","","44","8","3","2","2","2","","","","","",""
"Zwift - Zwift Pro Training Camp: Jumbo-Visma | Sepp Kuss: Cadence Efforts in Watopia","Bike","","","","2023-09-20","","40373.3984375","182","317","751.722","","1.14444446563721","9.79899978637695","","74","","0","0","","","0.761939151092139","66.03","","","","","","","","","","","23","12","26","7","1","0","","","","","",""
"Zwift - Pacer Group Ride: Tick Tock in Watopia with Miguel","Bike","","","","2023-09-23","","6538.759765625","123","209","83.858","","0.188756659626961","9.62199974060059","","80","","0","0","","","0.49157534676737","4.35","","","","","","","","","","","9","2","0","0","0","0","","","","","",""
"Zwift - Group Ride: Bicycle Way of Life Saturday Ride (D) on Neon Flats in Makuri Islands","Bike","","","","2023-09-23","","106312.546875","151","706","1635.53","","2.98972225189209","9.8769998550415","","80","","0","0","","","0.628170155650598","117.36","","","","","","","","","","","83","77","12","5","2","1","","","","","",""
"Zwift - Workout of the Week | VO2 Blast in Watopia","Bike","","","","2023-09-25","","35589.44140625","180","312","655.746","","1.01166665554047","9.77099990844727","","75","","0","0","","","0.777154399803802","60.9","","","","","","","","","","","10","36","2","7","6","0","","","","","",""
"Zwift - Pacer Group Ride: Watopia's Waistband in Watopia with Maria","Bike","","","","2023-09-27","","74381.1328125","179","418","1293.404","","2.00611114501953","10.298999786377","","78","","0","0","","","0.729518798926624","106.06","","","","","","","","","","","23","65","22","8","3","1","","","","","",""
"Zwift - Pacer Group Ride: Watopia's Waistband in Watopia with Maria","Bike","","","","2023-10-01","","17878.099609375","185","362","322.546","","0.484166651964188","10.2569999694824","","78","","0","0","","","0.738892038495189","26.01","","","","","","","","","","","4","15","8","2","1","0","","","","","",""
"Zwift - Group Ride: Tour of Watopia Welcome Ride 2023 on Tempus Fugit in Watopia","Bike","","","","2023-10-01","","22640.369140625","189","330","393.478","","0.576666653156281","10.9049997329712","","76","","0","0","","","0.74994238916107","32.02","","","","","","","","","","","1","21","11","2","0","0","","","","","",""
"Zwift - Group Ride: Tour of Watopia Ride 2023 | Stage 1 | Long on Three Little Sisters in Watopia","Bike","","","","2023-10-02","","38722.28125","186","444","738.832","","1.10194444656372","9.76099967956543","","75","","0","0","","","0.767291307322663","64.35","","","","","","","","","","","13","26","17","9","2","1","","","","","",""
"Zwift - Group Ride: Tour of Watopia Ride 2023 | Stage 1 | Standard on Figure 8 in Watopia","Bike","","","","2023-10-03","","34284.98046875","184","378","630.007","","0.948055565357208","10.0450000762939","","79","","0","0","","","0.751049814991558","53.05","","","","","","","","","","","11","25","14","5","1","1","","","","","",""
"Zwift - Group Ride: Tour of Watopia Ride 2023 | Stage 1 | Short on Ocean Lava Cliffside Loop in Watopia","Bike","","","","2023-10-03","","19715.029296875","175","348","367.94","","0.583611130714417","9.38300037384033","","76","","0","0","","","0.712222337676591","29.19","","","","","","","","","","","6","20","6","2","1","0","","","","","",""
"Zwift - Group Ride: Tour of Watopia Ride 2023 | Stage 1 | Standard on Figure 8 in Watopia","Bike","","","","2023-10-04","","33879.80078125","190","719","646.163","","0.941111087799072","9.99899959564209","","78","","0","0","","","0.781561950768801","57.05","","","","","","","","","","","10","22","15","6","2","1","","","","","",""
"Zwift - Group Ride: Tour of Watopia Ride 2023 | Stage 1 | Short on Ocean Lava Cliffside Loop in Watopia","Bike","","","","2023-10-04","","22649.5","163","481","402.084","","0.684166669845581","9.19499969482422","","75","","0","0","","","0.675378361988199","30.92","","","","","","","","","","","12","21","5","2","1","0","","","","","",""
"Zwift - Group Ride: Tour of Watopia Ride 2023 | Stage 1 | Standard on Figure 8 in Watopia","Bike","","","","2023-10-05","","33931.0390625","185","357","641.583","","0.961944460868835","9.79800033569336","","78","","0","0","","","0.757359703765463","54.85","","","","","","","","","","","10","26","13","6","2","0","","","","","",""
"Zwift - Group Ride: Tour of Watopia Ride 2023 | Stage 1 | Standard on Figure 8 in Watopia","Bike","","","","2023-10-06","","32362.33984375","190","853","621.956","","0.905833303928375","9.92399978637695","","79","","0","0","","","0.814831615721901","59.51","","","","","","","","","","","10","23","14","4","2","1","","","","","",""
"Zwift - Group Ride: Tour of Watopia Ride 2023 | Stage 1 | Standard on Figure 8 in Watopia","Bike","","","","2023-10-07","","33856.69921875","188","445","645.335","","0.950555562973022","9.89299964904785","","80","","0","0","","","0.770162528129279","55.94","","","","","","","","","","","10","25","14","6","1","1","","","","","",""
"Zwift - Group Ride: Tour of Watopia Ride 2023 | Stage 1 | Standard on Figure 8 in Watopia","Bike","","","","2023-10-07","","48472.671875","162","380","849.687","","1.45249998569489","9.26900005340576","","77","","0","0","","","0.661437893291214","63.32","","","","","","","","","","","27","44","12","3","1","0","","","","","",""
"Zwift - Group Ride: Tour of Watopia Ride 2023 | Stage 1 | Standard on Figure 8 in Watopia","Bike","","","","2023-10-08","","34041.30859375","193","877","664.704","","0.956388890743256","9.88700008392334","","78","","0","0","","","0.817468652955846","63.36","","","","","","","","","","","11","21","14","7","3","2","","","","","",""
"Zwift - Group Ride: Tour of Watopia Ride 2023 | Stage 2 | Standard on Triple Flat Loops in Watopia","Bike","","","","2023-10-09","","40448.1796875","192","692","732.66","","1.05499994754791","10.6490001678467","","78","","0","0","","","0.786649320427891","64.73","","","","","","","","","","","7","29","21","4","1","1","","","","","",""
"Zwift - Tick Tock in Watopia","Bike","","","","2023-10-10","","11332.2197265625","158","249","193.867","","0.340555548667908","9.24300003051758","","80","","0","0","","","0.629354001923294","13.19","","","","","","","","","","","5","14","2","0","0","0","","","","","",""
"Zwift - Group Ride: Tour of Watopia Ride 2023 | Stage 2 | Short on Tick Tock in Watopia","Bike","","","","2023-10-10","","21190.73046875","210","618","408.284","","0.538333356380463","10.9340000152588","","81","","0","0","","","0.883401825550946","41.38","","","","","","","","","","","4","6","14","5","2","2","","","","","",""
"Zwift - Group Ride: Tour of Watopia Ride 2023 | Stage 2 | Long on Eastern Eight in Watopia","Bike","","","","2023-10-12","","56478.71875","185","686","1051.99","","1.57277774810791","9.97500038146973","","80","","0","0","","","0.778328001967003","94.79","","","","","","","","","","","14","47","21","9","2","1","","","","","",""
"Zwift - Group Ride: Tour of Watopia Ride 2023 | Stage 2 | Standard on Triple Flat Loops in Watopia","Bike","","","","2023-10-14","","36413.58984375","195","620","679.396","","0.963611125946045","10.496000289917","","79","","0","0","","","0.793256438646875","60.2","","","","","","","","","","","3","31","16","5","2","1","","","","","",""
"Zwift - Group Ride: Tour of Watopia Ride 2023 | Stage 2 | Standard on Triple Flat Loops in Watopia","Bike","","","","2023-10-14","","48479.16015625","178","675","880.166","","1.36666667461395","9.85299968719482","","80","","0","0","","","0.741068343269018","74.45","","","","","","","","","","","15","46","14","4","2","1","","","","","",""
"Zwift - Group Ride: Tour of Watopia Ride 2023 | Stage 3 | Long on Tour of Fire and Ice in Watopia","Bike","","","","2023-10-16","","50111.859375","192","504","1381.781","","1.99380218982697","6.98099994659424","","67","","0","0","","","0.849792722879743","142.77","","","","","","","","","","","23","25","22","46","4","0","","","","","",""
"Zwift - Pacer Group Ride: Volcano Circuit in Watopia with Maria","Bike","","","","2023-10-17","","32287.359375","159","330","509.164","","0.886666655540466","10.1149997711182","","78","","0","0","","","0.639310575276853","35.84","","","","","","","","","","","18","28","4","3","1","0","","","","","",""
"Zwift - Pacer Group Ride: Volcano Circuit in Watopia with Maria","Bike","","","","2023-10-18","","27576.2890625","162","357","440.369","","0.754166662693024","10.1569995880127","","77","","0","0","","","0.649035050759792","31.47","","","","","","","","","","","14","26","3","2","1","0","","","","","",""
"Zwift - Pacer Group Ride: Triple Flat Loops in Watopia with Coco","Bike","","","","2023-10-20","","48437.828125","193","406","867.725","","1.24777781963348","10.7829999923706","","81","","0","0","","","0.762276833978159","72.07","","","","","","","","","","","4","39","24","6","1","1","","","","","",""
"Zwift - Pacer Group Ride: Triple Flat Loops in Watopia with Coco","Bike","","","","2023-10-22","","58024.98046875","181","367","1008.219","","1.54155910015106","10.4549999237061","","81","","0","0","","","0.727711910996358","81.19","","","","","","","","","","","15","49","21","7","2","1","","","","","",""
"Zwift - Pacer Group Ride: Triple Flat Loops in Watopia with Maria","Bike","","","","2023-10-25","","40794.6484375","162","1036","666.64","","1.13750004768372","9.96199989318848","","82","","0","0","","","0.70572174612892","56.14","","","","","","","","","","","20","39","7","2","0","0","","","","","",""
"Zwift - Pacer Group Ride: Triple Flat Loops in Watopia with Maria","Bike","","","","2023-10-26","","13598.83984375","162","283","219.551","","0.374166667461395","10.0950002670288","","79","","0","0","","","0.654417124443481","15.66","","","","","","","","","","","6","13","3","1","0","0","","","","","",""
"Zwift - Group Ride: Tour of Watopia Ride 2023 | Stage 4 | Short on Jungle Circuit in Watopia","Bike","","","","2023-10-26","","35549.1484375","180","689","678.963","","1.04666662216187","9.43400001525879","","79","","0","0","","","0.749466195584595","58.63","","","","","","","","","","","14","29","12","6","2","1","","","","","",""
"Zwift - Zwift Academy 2019 Workout #7: VO2max Development in Watopia","Bike","","","","2023-10-27","","37340.921875","181","312","683.695","","1.0441666841507","9.93299961090088","","78","","0","0","","","0.823875126575058","70.43","","","","","","","","","","","26","13","4","15","4","0","","","","","",""
"Zwift - Pacer Group Ride: Triple Flat Loops in Watopia with Maria","Bike","","","","2023-10-29","","43849.19140625","162","359","719.658","","1.23138892650604","9.89099979400635","","80","","0","0","","","0.65213547418357","52.15","","","","","","","","","","","18","46","7","2","1","0","","","","","",""
"Zwift - Pacer Group Ride: Volcano Flat in Watopia with Maria","Bike","","","","2023-10-30","","4888.06982421875","155","299","79.546","","0.142222225666046","9.54699993133545","","79","","0","0","","","0.630591920146746","5.33","","","","","","","","","","","3","4","0","0","0","0","","","","","",""
"Zwift - Group Ride: Tour of Watopia Ride 2023 | Stage 5 | Short on Canopies and Coastlines in Watopia","Bike","","","","2023-10-30","","32279.029296875","209","912","640.193","","0.847777783870697","10.576000213623","","82","","0","0","","","0.904270338865584","68.77","","","","","","","","","","","6","16","13","8","5","3","","","","","",""
"Zwift - Group Ride: Tour of Watopia Ride 2023 | Stage 5 | Standard on Coast Crusher in Watopia","Bike","","","","2023-10-31","","43735.87890625","186","400","772.121","","1.15055561065674","10.5590000152588","","84","","0","0","","","0.739985319709545","62.52","","","","","","","","","","","7","38","18","5","1","0","","","","","",""
"Zwift - Pacer Group Ride: Volcano Flat in Watopia with Maria","Bike","","","","2023-11-01","","32397.30078125","158","317","536.438","","0.941111087799072","9.5620002746582","","80","","0","0","","","0.634355533646542","37.54","","","","","","","","","","","16","36","3","1","0","0","","","","","",""
"Zwift - Group Ride: Tour of Watopia Ride 2023 | Stage 5 | Long on The Big Ring in Watopia","Bike","","","","2023-11-03","","69622.34375","175","883","1268.61","","2.00555562973022","9.64200019836426","","81","","0","0","","","0.746044932245796","111.53","","","","","","","","","","","23","69","20","6","2","1","","","","","",""
"Zwift - Pacer Group Ride: Volcano Flat in Watopia with Maria","Bike","","","","2023-11-04","","40558.28125","179","344","736.714","","1.13722217082977","9.9060001373291","","84","","0","0","","","0.738326652088557","61.63","","","","","","","","","","","13","33","15","7","1","0","","","","","",""
"Zwift - Pacer Group Ride: Tick Tock in Watopia with Coco","Bike","","","","2023-11-06","","40386.5","185","346","695.122","","1.03972220420837","10.7889995574951","","81","","0","0","","","0.73695556119138","55.93","","","","","","","","","","","4","38","18","3","0","0","","","","","",""
"Zwift - Pacer Group Ride: Wandering Flats in Makuri Islands with Maria","Bike","","","","2023-11-08","","32255.55078125","162","359","545.639","","0.930555582046509","9.62800025939941","","81","","0","0","","","0.661257020384736","40.35","","","","","","","","","","","17","30","6","2","1","0","","","","","",""
"Zwift - Pacer Group Ride: Tick Tock in Watopia with Maria","Bike","","","","2023-11-16","","37136.6015625","161","350","594.976","","1.02583336830139","10.0550003051758","","82","","0","0","","","0.640745821722109","41.87","","","","","","","","","","","15","42","4","1","0","0","","","","","",""
"Zwift - Zwift Academy: Workout 1 | Explosive 30s in Watopia","Bike","","","","2023-11-20","","35639.23828125","169","735","619.288","","1.01611113548279","9.74199962615967","","78","","0","0","","","0.792527293126106","63.59","","","","","","","","","","","23","30","5","1","1","2","","","","","",""
"Zwift - Pacer Group Ride: Tempus Fugit in Watopia with Maria","Bike","","","","2023-11-21","","29150.529296875","181","351","492.113","","0.752777755260468","10.7559995651245","","83","","0","0","","","0.721760462149385","38.84","","","","","","","","","","","3","29","10","2","0","0","","","","","",""
"Zwift - Zwift Academy: Workout 2 | Fatigue Fighter in Watopia","Bike","","","","2023-11-22","","54902.23046875","186","365","1021.379","","1.52055549621582","10.0290002822876","","76","","0","0","","","0.784372657877055","93.49","","","","","","","","","","","29","15","29","18","1","0","","","","","",""
"Zwift - Pacer Group Ride: Tempus Fugit in Watopia with Maria","Bike","","","","2023-11-23","","29110.869140625","170","335","468.208","","0.763333320617676","10.5930004119873","","83","","0","0","","","0.674718122742824","34.3","","","","","","","","","","","6","34","6","0","0","0","","","","","",""
"Zwift - Zwift Academy: Workout 3 | The Finisher in Watopia","Bike","","","","2023-11-25","","40406.55859375","180","606","747.667","","1.14861106872559","9.77099990844727","","80","","0","0","","","0.803933078407994","74.03","","","","","","","","","","","24","27","6","8","1","3","","","","","",""
"Zwift - Pacer Group Ride: Tempus Fugit in Watopia with Maria","Bike","","","","2023-11-26","","55721.859375","162","275","879.65","","1.50361108779907","10.293999671936","","81","","0","0","","","0.638317312346795","60.93","","","","","","","","","","","14","71","4","0","0","0","","","","","",""
"Zwift - Pacer Group Ride: Tick Tock in Watopia with Maria","Bike","","","","2023-11-27","","39068.91015625","161","1062","620.041","","1.06416666507721","10.1979999542236","","82","","0","0","","","0.690590036943791","50.23","","","","","","","","","","","14","44","4","1","0","0","","","","","",""
"Zwift - Zwift Academy: Workout 4 | Fast Twitch HIIT in Watopia","Bike","","","","2023-11-30","","53231.01953125","178","341","975.013","","1.51472222805023","9.76099967956543","","73","","0","0","","","0.784749268337575","93.14","","","","","","","","","","","14","58","4","1","9","6","","","","","",""
"Zwift - Pacer Group Ride: Tick Tock in Watopia with Maria","Bike","","","","2023-12-01","","40356.55859375","161","520","640.39","","1.10222220420837","10.1700000762939","","83","","0","0","","","0.643175676310323","45.18","","","","","","","","","","","16","44","5","1","0","0","","","","","",""
"Zwift - Pacer Group Ride: Tick Tock in Watopia with Maria","Bike","","","","2023-12-02","","80688.71875","162","841","1300.321","","2.22749996185303","10.0620002746582","","82","","0","0","","","0.71061584639659","112.32","","","","","","","","","","","31","91","8","2","0","1","","","","","",""
"Zwift - Zwift Academy: Workout 6 | All Out Burn in Watopia","Bike","","","","2023-12-05","","48373.3515625","193","346","958.763","","1.37888884544373","9.74400043487549","","74","","0","0","","","0.815781255655569","91.4","","","","","","","","","","","28","8","31","11","4","0","","","","","",""
"Zwift - Pacer Group Ride: Watopia's Waistband in Watopia with Maria","Bike","","","","2023-12-08","","72565.0078125","158","359","1156.372","","2.02028274536133","9.97700023651123","","81","","0","0","","","0.635255093755781","81.07","","","","","","","","","","","33","78","8","2","1","0","","","","","",""
"Zwift - Pacer Group Ride: Watopia's Waistband in Watopia with Maria","Bike","","","","2023-12-09","","71932.4921875","161","867","1164.016","","2.00583338737488","9.96100044250488","","80","","0","0","","","0.712352191765943","101.35","","","","","","","","","","","33","77","8","2","0","1","","","","","",""
"Zwift - Pacer Group Ride: Watopia's Waistband in Watopia with Maria","Bike","","","","2023-12-10","","42306.28125","161","334","686.088","","1.18194448947906","9.94200038909912","","80","","0","0","","","0.642290146602587","48.41","","","","","","","","","","","18","47","5","1","0","0","","","","","",""
"Zwift - Workout of the Week | Wout van Aert: VO2 Max Training in Watopia","Bike","","","","2023-12-12","","40418.359375","169","326","711.724","","1.16722226142883","9.61800003051758","","77","","0","0","","","0.741188076309417","63.7","","","","","","","","","","","30","24","7","4","5","0","","","","","",""
"Zwift - Pacer Group Ride: Volcano Flat in Watopia with Maria","Bike","","","","2023-12-13","","26761.6796875","158","349","431.423","","0.75388890504837","9.85999965667725","","77","","0","0","","","0.636516612433325","30.31","","","","","","","","","","","13","28","3","1","0","0","","","","","",""
"Zwift - Pacer Group Ride: Volcano Flat in Watopia with Maria","Bike","","","","2023-12-15","","80644.453125","171","337","1599.579","","2.59666657447815","8.62600040435791","","78","","0","0","","","0.716969479490999","133.02","","","","","","","","","","","39","73","26","14","3","0","","","","","",""
"Zwift - Pacer Group Ride: Volcano Flat in Watopia with Maria","Bike","","","","2023-12-16","","56479.359375","158","339","903.113","","1.58722221851349","9.88399982452393","","79","","0","0","","","0.629812361424187","62.7","","","","","","","","","","","28","60","5","2","1","0","","","","","",""
"Zwift - Pacer Group Ride: Volcano Flat in Watopia with Maria","Bike","","","","2023-12-17","","48562.7890625","159","344","783.517","","1.36722218990326","9.86600017547607","","79","","0","0","","","0.635150824328739","54.75","","","","","","","","","","","24","49","5","2","1","0","","","","","",""
"Zwift - Pacer Group Ride: Sugar Cookie in Watopia with Maria","Bike","","","","2023-12-19","","34057.859375","159","333","577.943","","1.00388884544373","9.42300033569336","","80","","0","0","","","0.647381622450766","41.65","","","","","","","","","","","21","29","8","1","0","0","","","","","",""
"Zwift - Pacer Group Ride: Volcano Flat in Watopia with Coco","Bike","","","","2023-12-20","","43669.37890625","191","412","775.264","","1.12305557727814","10.8009996414185","","85","","0","0","","","0.759094002111658","64.24","","","","","","","","","","","5","37","20","4","2","1","","","","","",""
"Zwift - Pacer Group Ride: Volcano Flat in Watopia with Coco","Bike","","","","2023-12-22","","45250.421875","186","391","801.11","","1.19111108779907","10.5520000457764","","82","","0","0","","","0.744182924841634","65.43","","","","","","","","","","","7","40","17","4","2","1","","","","","",""
"Zwift - Pacer Group Ride: Volcano Flat in Watopia with Coco","Bike","","","","2023-12-24","","48449.51171875","164","378","780.604","","1.31500005722046","10.2340002059937","","82","","0","0","","","0.665227327961787","57.85","","","","","","","","","","","24","42","11","2","1","0","","","","","",""
"Zwift - Pacer Group Ride: Flat Route in Watopia with Maria","Bike","","","","2023-12-27","","120852.8125","161","367","1973.181","","3.39472222328186","9.88799953460693","","79","","0","0","","","0.644669507939843","141.07","","","","","","","","","","","53","125","16","7","2","0","","","","","",""
"Zwift - Pacer Group Ride: Flat Route in Watopia with Maria","Bike","","","","2023-12-29","","40361.0390625","156","317","651.882","","1.15444445610046","9.71100044250488","","77","","0","0","","","0.629872539812509","45.54","","","","","","","","","","","22","40","5","2","1","0","","","","","",""
"Zwift - Pacer Group Ride: Flat Route in Watopia with Maria","Bike","","","","2023-12-31","","40451.8515625","158","396","646.535","","1.13583338260651","9.89200019836426","","79","","0","0","","","0.640975456554299","46.41","","","","","","","","","","","23","36","5","3","1","0","","","","","",""
"Zwift - Pacer Group Ride: Volcano Circuit in Watopia with Maria","Bike","","","","2024-01-02","","53229.55859375","173","382","974.411","","1.55833327770233","9.48799991607666","","79","","0","0","","","0.728755467049545","82.21","","","","","","","","","","","28","36","19","8","3","1","","","","","",""
"Zwift - Pacer Group Ride: Volcano Circuit in Watopia with Maria","Bike","","","","2024-01-04","","80719.6328125","184","418","1402.439","","2.1152777671814","10.6000003814697","","80","","0","0","","","0.732376183809543","112.89","","","","","","","","","","","17","70","29","7","4","1","","","","","",""
"Zwift - Pacer Group Ride: Volcano Circuit in Watopia with Maria","Bike","","","","2024-01-05","","40365.83984375","161","361","642.301","","1.10138893127441","10.1800003051758","","78","","0","0","","","0.650151181125352","46.2","","","","","","","","","","","22","34","5","3","1","0","","","","","",""
"Zwift - Pacer Group Ride: Volcano Circuit in Watopia with Coco","Bike","","","","2024-01-08","","59933.19140625","195","387","1059.068","","1.50638890266418","11.0509996414185","","82","","0","0","","","0.775036025624129","89.92","","","","","","","","","","","9","44","23","7","5","3","","","","","",""
"Zwift - Pacer Group Ride: The Big Ring in Watopia with Maria","Bike","","","","2024-01-09","","38872.12109375","159","323","657.061","","1.14166665077209","9.45699977874756","","79","","0","0","","","0.639401792964321","46.25","","","","","","","","","","","21","39","8","1","0","0","","","","","",""
"Zwift - Pacer Group Ride: The Big Ring in Watopia with Maria","Bike","","","","2024-01-11","","40514","161","282","694.681","","1.19694447517395","9.40200042724609","","81","","0","0","","","0.640638991372038","48.91","","","","","","","","","","","19","44","7","1","0","0","","","","","",""
"Zwift - Pacer Group Ride: Volcano Circuit in Watopia with Coco","Bike","","","","2024-01-12","","37305.5","192","417","654.547","","0.944494724273682","10.9709997177124","","83","","0","0","","","0.764187231886027","54.74","","","","","","","","","","","6","30","13","4","2","1","","","","","",""
"Zwift - Pacer Group Ride: Volcano Circuit in Watopia with Coco","Bike","","","","2024-01-14","","68088.09375","179","424","1338.223","","2.0699999332428","9.13599967956543","","79","","0","0","","","0.749677965413698","116.08","","","","","","","","","","","29","50","29","12","4","1","","","","","",""
"Zwift - Pacer Group Ride: Triple Flat Loops in Watopia with Maria","Bike","","","","2024-01-15","","37095.03125","160","361","596.617","","1.03201723098755","9.98400020599365","","82","","0","0","","","0.63776722092349","41.68","","","","","","","","","","","16","39","5","1","0","0","","","","","",""
"Zwift - Pacer Group Ride: Triple Flat Loops in Watopia with Maria","Bike","","","","2024-01-18","","36313.26953125","159","333","580.73","","1.00881588459015","9.9980001449585","","80","","0","0","","","0.642725272325709","41.29","","","","","","","","","","","17","35","5","2","0","0","","","","","",""
"Zwift - Pacer Group Ride: The Big Ring in Watopia with Coco","Bike","","","","2024-01-19","","120877.2109375","185","504","2060.075","","3.08222222328186","10.8929996490479","","83","","0","0","","","0.736864832667517","166.59","","","","","","","","","","","22","97","52","13","2","1","","","","","",""
"Zwift - Pacer Group Ride: Volcano Circuit in Watopia with Coco","Bike","","","","2024-01-22","","40381.83984375","204","381","742.045","","1.0091667175293","11.1149997711182","","84","","0","0","","","0.807000997234157","65.25","","","","","","","","","","","3","25","22","8","3","1","","","","","",""
"Zwift - Zone 3 with Sprints in Watopia","Bike","","","","2024-01-24","","53689.53125","168","760","912.297","","1.50472223758698","9.91100025177002","","75","","0","0","","","0.760997323276925","86.89","","","","","","","","","","","51","8","29","0","0","1","","","","","",""
"Zwift - Pacer Group Ride: Volcano Circuit in Watopia with Coco","Bike","","","","2024-01-27","","35556.23046875","196","391","636.949","","0.898888885974884","10.9870004653931","","84","","0","0","","","0.778649440693521","53.98","","","","","","","","","","","3","28","16","4","2","1","","","","","",""
"Zwift - Pacer Group Ride: Volcano Circuit in Watopia with Maria","Bike","","","","2024-01-30","","40407.48828125","209","387","769.156","","1.01972222328186","11.0069999694824","","84","","0","0","","","0.84646014697786","72.64","","","","","","","","","","","6","16","22","13","3","1","","","","","",""
"Zwift - Pacer Group Ride: Volcano Circuit in Watopia with Maria","Bike","","","","2024-01-31","","27740.810546875","161","318","439.319","","0.755277752876282","10.2019996643066","","81","","0","0","","","0.642227992473569","30.81","","","","","","","","","","","13","26","4","2","0","0","","","","","",""
"Zwift - Pacer Group Ride: Flat Route in Watopia with Coco","Bike","","","","2024-02-02","","38889.75","188","333","691.243","","1.02083337306976","10.5819997787476","","81","","0","0","","","0.746080904625619","56.45","","","","","","","","","","","6","32","17","5","1","0","","","","","",""
"Zwift - Pacer Group Ride: Sugar Cookie in Watopia with Coco","Bike","","","","2024-02-05","","48373.0390625","192","370","892.213","","1.2872222661972","10.4379997253418","","84","","0","0","","","0.765038499331669","75.03","","","","","","","","","","","5","37","26","8","1","0","","","","","",""
"Zwift - Pacer Group Ride: Flat Route in Watopia with Maria","Bike","","","","2024-02-06","","37266.44140625","158","930","602.891","","1.05583333969116","9.80399990081787","","81","","0","0","","","0.758546521816479","60.32","","","","","","","","","","","18","39","3","1","0","0","","","","","",""
"Zwift - Pacer Group Ride: Sugar Cookie in Watopia with Maria","Bike","","","","2024-02-15","","51936.21875","161","311","875.475","","1.50499999523163","9.58500003814697","","81","","0","0","","","0.64535179324607","62.41","","","","","","","","","","","26","52","11","1","0","0","","","","","",""
"Zwift - Pacer Group Ride: Sugar Cookie in Watopia with Maria","Bike","","","","2024-02-16","","27507.94921875","184","393","478.051","","0.719444453716278","10.6199998855591","","84","","0","0","","","0.731261805765843","38.05","","","","","","","","","","","4","26","11","1","1","0","","","","","",""
"Zwift - Pacer Group Ride: Sugar Cookie in Watopia with Maria","Bike","","","","2024-02-18","","53685.73828125","169","346","893.618","","1.46111106872559","10.206000328064","","85","","0","0","","","0.68065187321139","67.49","","","","","","","","","","","20","49","15","2","1","0","","","","","",""
"Zwift - Pacer Group Ride: Volcano Flat in Watopia with Maria","Bike","","","","2024-02-20","","64528.6484375","181","341","1099.762","","1.68694448471069","10.625","","85","","0","0","","","0.719008682011917","87.07","","","","","","","","","","","10","62","24","4","1","0","","","","","",""
"Zwift - Pacer Group Ride: Volcano Flat in Watopia with Maria","Bike","","","","2024-02-21","","87112.7265625","159","352","1404.461","","2.44194436073303","9.90900039672852","","82","","0","0","","","0.63158833760583","96.92","","","","","","","","","","","35","100","9","2","0","0","","","","","",""
"Zwift - Pacer Group Ride: Volcano Flat in Watopia with Maria","Bike","","","","2024-02-22","","27468","159","417","441.233","","0.766388893127441","9.95499992370605","","79","","0","0","","","0.635828965289525","30.58","","","","","","","","","","","11","32","2","1","1","0","","","","","",""
"Zwift - Pacer Group Ride: Tick Tock in Watopia with Coco","Bike","","","","2024-02-27","","42021.6484375","192","341","729.174","","1.0538889169693","11.0749998092651","","87","","0","0","","","0.756599974015863","59.71","","","","","","","","","","","2","35","22","4","0","0","","","","","",""
"Zwift - Pacer Group Ride: Tick Tock in Watopia with Coco","Bike","","","","2024-02-29","","100705.0703125","192","361","1754.95","","2.53638887405396","11.0279998779297","","86","","0","0","","","0.754187427641445","143.94","","","","","","","","","","","4","84","56","7","1","0","","","","","",""
"Zwift - Workout of the Week | Ovett's Shark Bites in Watopia","Bike","","","","2024-03-01","","48438.19140625","162","518","816.704","","1.39361107349396","9.6540002822876","","84","","0","0","","","0.698142503486636","67.54","","","","","","","","","","","35","37","2","1","8","1","","","","","",""
"Zwift - Pacer Group Ride: Tempus Fugit in Watopia with Coco","Bike","","","","2024-03-04","","40639.76953125","192","328","696.625","","1.00416672229767","11.2410001754761","","86","","0","0","","","0.756974942128077","57.21","","","","","","","","","","","1","35","21","3","0","0","","","","","",""
"Zwift - Pacer Group Ride: Tempus Fugit in Watopia with Coco","Bike","","","","2024-03-07","","64839.05859375","189","364","1110.773","","1.62361109256744","11.0930004119873","","85","","0","0","","","0.745251519468924","90.12","","","","","","","","","","","3","60","30","4","1","0","","","","","",""
"Zwift - Pacer Group Ride: Tempus Fugit in Watopia with Coco","Bike","","","","2024-03-09","","100829.953125","193","339","1741.458","","2.50388884544373","11.1850004196167","","86","","0","0","","","0.75737575152738","143.46","","","","","","","","","","","2","85","55","7","1","0","","","","","",""
"Zwift - Pacer Group Ride: Tempus Fugit in Watopia with Maria","Bike","","","","2024-03-11","","38155.7890625","162","282","594.773","","1.01666665077209","10.4250001907349","","81","","0","0","","","0.639439232168155","41.16","","","","","","","","","","","8","49","3","0","0","0","","","","","",""
"Zwift - Pacer Group Ride: Triple Flat Loops in Watopia with Coco","Bike","","","","2024-03-14","","40359.69921875","187","404","695.225","","1.03222227096558","10.8610000610352","","78","","0","0","","","0.742725251254147","56.53","","","","","","","","","","","5","37","16","2","1","1","","","","","",""
"Zwift - Pacer Group Ride: Triple Flat Loops in Watopia with Coco","Bike","","","","2024-03-15","","40612.421875","191","385","710.241","","1.03333330154419","10.9169998168945","","82","","0","0","","","0.756922600079176","58.9","","","","","","","","","","","4","33","20","3","1","1","","","","","",""
"Zwift - Pacer Group Ride: The Big Ring in Watopia with Coco","Bike","","","","2024-03-19","","40585.51953125","208","510","774.434","","1.03083336353302","10.9359998703003","","81","","0","0","","","0.835025754152222","71.66","","","","","","","","","","","4","22","22","8","4","2","","","","","",""
"Zwift - New Workout in Watopia","Bike","","","","2024-03-20","","21289.560546875","211","266","442.376","","0.580064952373505","10.1949996948242","","73","","0","0","","","0.914104124164081","47.81","","","","","","","","","","","8","2","0","24","0","0","","","","","",""
"Zwift - Pacer Group Ride: The Big Ring in Watopia with Coco","Bike","","","","2024-03-20","","24513.55078125","161","281","390.44","","0.670000016689301","10.1630001068115","","78","","0","0","","","0.636486585723049","27.02","","","","","","","","","","","9","28","3","0","0","0","","","","","",""
"Zwift - Pacer Group Ride: Triple Flat Loops in Watopia with Maria","Bike","","","","2024-03-22","","40037.73828125","193","460","715.263","","1.01527774333954","10.9540004730225","","85","","0","0","","","0.780977822144532","61.67","","","","","","","","","","","7","28","16","7","2","1","","","","","",""
"Zwift - Arise in Watopia","Bike","","","","2024-03-25","","45307.08984375","193","358","858.685","","1.23083329200745","10.2250003814697","","84","","0","0","","","0.802586350101605","78.88","","","","","","","","","","","22","18","26","2","6","0","","","","","",""
"Zwift - The McCarthy Special in Watopia","Bike","","","","2024-03-26","","35508.2890625","184","324","687.59","","1.03277778625488","9.55000019073486","","80","","0","0","","","0.840857282492981","72.44","","","","","","","","","","","13","27","0","9","9","2","","","","","",""
"Zwift - Pacer Group Ride: Volcano Circuit in Watopia with Coco","Bike","","","","2024-03-27","","39090.73828125","190","736","680.009","","0.98972225189209","10.9709997177124","","86","","0","0","","","0.792174194659614","61.73","","","","","","","","","","","6","30","17","4","2","1","","","","","",""
"Zwift - 1min 5min in Watopia","Bike","","","","2024-04-02","","36220.75","176","877","649.71","","1.01666665077209","9.89599990844727","","82","","0","0","","","0.873181994349351","77.02","","","","","","","","","","","11","39","6","2","1","3","","","","","",""
"Zwift - New Workout in Watopia","Bike","","","","2024-04-04","","37117.01953125","175","504","661.514","","1.04281389713287","9.88599967956543","","82","","0","0","","","0.794080580783386","65.43","","","","","","","","","","","22","27","9","1","1","3","","","","","",""
"Zwift - Pacer Group Ride: Sugar Cookie in Watopia with Coco","Bike","","","","2024-04-09","","64529.05859375","188","450","1201.836","","1.77111113071442","10.1199998855591","","84","","0","0","","","0.753746968983053","100.49","","","","","","","","","","","13","50","30","10","2","1","","","","","",""
"Zwift - Step By Step in Watopia","Bike","","","","2024-04-10","","35819.6015625","176","364","660.92","","1.03638887405396","9.60000038146973","","84","","144","185","","","0.808659490991246","67.72","3","13","23","12","11","","","","","","30","13","3","2","15","0","","","","","",""
"Zwift - The Wringer in Watopia","Bike","","","","2024-04-12","","24293.720703125","169","525","462.954","","0.758333325386047","8.89799976348877","","73","","143","177","","","0.996246697622812","74.48","3","5","21","12","5","","","","","","33","4","2","1","0","5","","","","","",""
"Zwift - 30/30sec Anaerobic #3 in Watopia","Bike","","","","2024-04-18","","29955.169921875","182","500","564.3","","0.85916668176651","9.68400001525879","","77","","146","170","","","0.796410665056296","54.1","2","5","17","25","2","","","","","","27","8","4","0","12","1","","","","","",""
"Zwift - Pacer Group Ride: Watopia's Waistband in Watopia with Coco","Bike","","","","2024-04-22","","48540.41015625","190","374","860.273","","1.25527775287628","10.7410001754761","","85","","146","163","","","0.750400860881269","70.28","0","2","49","24","0","","","","","","4","42","24","5","1","0","","","","","",""
"Zwift - Zwift Academy Road: Workout 7 | VO2 Development in Watopia","Bike","","","","2024-04-23","","43579.30078125","173","342","788.193","","1.2586110830307","9.61800003051758","","76","","145","188","","","0.778364743301828","75.95","8","9","26","18","14","","","","","","38","19","4","4","11","0","","","","","",""
"Zwift - Pacer Group Ride: Watopia's Waistband in Watopia with Coco","Bike","","","","2024-04-24","","40386.421875","189","344","699.139","","1.0252777338028","10.9409999847412","","86","","146","162","","","0.747930798889316","56.84","1","0","35","25","0","","","","","","3","35","19","3","1","0","","","","","",""
"Zwift - 02. Endurance Escalator in Watopia","Bike","","","","2024-04-25","","40528.890625","186","471","793.556","","1.17944443225861","9.54500007629395","","83","","150","195","","","0.820456076785345","79.11","1","8","19","35","8","","","","","","20","14","28","1","5","2","","","","","",""
"Zwift - Pacer Group Ride: Watopia's Waistband in Watopia with Coco","Bike","","","","2024-04-26","","26447.08984375","165","359","454.293","","0.753055572509766","9.75500011444092","","81","","6","102","","","0.657691259766826","32.6","46","0","0","0","0","","","","","","11","29","5","1","0","0","","","","","",""
"Zwift - Pacer Group Ride: Watopia's Waistband in Watopia with Coco","Bike","","","","2024-04-27","","42220.6484375","190","380","740.997","","1.07694447040558","10.8900003433228","","85","","149","168","","","0.751720816822618","60.51","1","3","25","36","0","","","","","","4","35","20","4","1","0","","","","","",""
"Zwift - 01. Sweet Spot Foundation in Watopia","Bike","","","","2024-04-29","","38888.55859375","192","357","756.841","","1.08722221851349","9.9350004196167","","82","","3","116","","","0.788891242416791","67.61","65","1","0","0","0","","","","","","13","11","35","5","1","0","","","","","",""
"Zwift - Tempo With 30sec Spike #2 in Watopia","Bike","","","","2024-04-30","","43564.48828125","182","504","840.237","","1.27416670322418","9.49699974060059","","79","","145","174","","","0.767644081157711","74.7","2","11","28","32","4","","","","","","24","20","24","6","2","1","","","","","",""
"Zwift - Tractor Pulls in Watopia","Bike","","","","2024-05-02","","38713.8203125","180","513","717.786","","1.10166668891907","9.76099967956543","","79","","144","184","","","0.901159850222461","88.99","4","16","17","23","8","","","","","","30","23","1","4","2","6","","","","","",""
"Zwift - 03. Cadence and Cruise in Watopia","Bike","","","","2024-05-03","","32301.5","185","283","613.196","","0.916944444179535","9.78499984741211","","82","","147","177","","","0.771253573133308","54.17","0","11","16","22","6","","","","","","15","12","23","6","0","0","","","","","",""
"Zwift - Pacer Group Ride: Watopia's Waistband in Watopia with Maria","Bike","","","","2024-05-04","","59698.140625","196","352","1072.222","","1.5097222328186","10.9840002059937","","88","","150","171","","","0.779424356761669","91.47","0","6","33","50","1","","","","","","5","40","35","9","1","0","","","","","",""
"Zwift - The McCarthy Special in Watopia","Bike","","","","2024-05-06","","48616.37890625","188","321","924.356","","1.36083328723907","9.92300033569336","","77","","148","187","","","0.829000844858861","93.16","3","7","43","8","21","","","","","","15","38","4","12","9","3","","","","","",""
"Zwift - 04. Power Surge on Cote de Pike in Watopia","Bike","","","","2024-05-07","","35569.26953125","194","430","776.922","","1.1077778339386","8.91899967193604","","77","","149","184","","","0.831587616070579","76.36","2","8","21","22","14","","","","","","15","13","28","8","1","1","","","","","",""
"Zwift - Zwift Academy: Workout 4 | Fast Twitch HIIT in Watopia","Bike","","","","2024-05-09","","61365.69140625","186","448","1199.999","","1.78333330154419","9.55799961090088","","81","","144","191","","","0.821091362509443","119.92","1","17","56","24","10","","","","","","15","66","7","1","11","7","","","","","",""
"Zwift - Pacer Group Ride: Tempus Fugit in Watopia with Coco","Bike","","","","2024-05-10","","40390.87109375","189","340","696.841","","1.02388894557953","10.9569997787476","","86","","138","152","","","0.741366715614698","55.97","0","4","57","0","0","","","","","","2","39","19","2","1","0","","","","","",""
"Zwift - Baffling Beau in Watopia","Bike","","","","2024-05-12","","42091.37109375","199","444","893.656","","1.2413889169693","9.41800022125244","","84","","150","190","","","0.898389192595519","99.66","2","10","20","27","15","","","","","","22","27","2","3","10","11","","","","","",""
"Zwift - 05. Endurance Ascent in Watopia","Bike","","","","2024-05-13","","36370.48046875","188","261","692.237","","1.01694440841675","9.93400001525879","","83","","142","167","","","0.77427629667546","60.82","1","11","26","23","0","","","","","","12","18","26","5","0","0","","","","","",""
"Zwift - Pacer Group Ride: Tempus Fugit in Watopia with Maria","Bike","","","","2024-05-14","","37349.98046875","162","292","586.671","","1.00388884544373","10.3339996337891","","83","","125","144","","","0.640373891447651","40.94","0","56","4","0","0","","","","","","11","46","4","0","0","0","","","","","",""
"Zwift - Time Trial in Watopia","Bike","","","","2024-05-15","","48430.01953125","195","288","923.53","","1.31083333492279","10.2620000839233","","81","","145","184","","","0.835497875551394","91.27","3","23","19","15","19","","","","","","12","32","11","21","3","0","","","","","",""
"Zwift - 30/30sec Anaerobic #3 in Watopia","Bike","","","","2024-05-17","","48466.75","186","505","902.724","","1.33472228050232","10.0860004425049","","83","","148","181","","","0.806211987326354","86.55","2","12","23","34","9","","","","","","33","22","7","1","15","3","","","","","",""
"Zwift - Jon's Mix in Watopia","Bike","","","","2024-05-19","","42320.44140625","189","675","798.926","","1.17111110687256","10.0380001068115","","83","","155","182","","","0.842134499230202","82.08","0","5","22","21","22","","","","","","19","26","20","1","0","4","","","","","",""
"Zwift - Pacer Group Ride: Triple Flat Loops in Watopia with Maria","Bike","","","","2024-05-21","","56480.0703125","159","411","903.483","","1.56833338737488","10.0030002593994","","84","","134","154","","","0.643705254105685","64.61","4","20","69","1","0","","","","","","30","51","9","2","1","0","","","","","",""
"Zwift - Saw Legs in Watopia","Bike","","","","2024-05-22","","45164.1484375","192","439","900.666","","1.29611110687256","9.67899990081787","","82","","149","178","","","0.805442522776114","83.58","3","10","21","32","12","","","","","","16","16","33","11","1","1","","","","","",""
"Zwift - Pacer Group Ride: Triple Flat Loops in Watopia with Maria","Bike","","","","2024-05-23","","37153.58984375","159","336","580.629","","1.01194441318512","10.1979999542236","","86","","125","141","","","0.636177630137768","40.51","1","51","9","0","0","","","","","","18","35","5","1","0","0","","","","","",""
"Zwift - Workout of the Week | Tabata Time in Watopia","Bike","","","","2024-05-24","","27484.359375","200","354","558.372","","0.770326375961304","9.90999984741211","","80","","146","178","","","0.841664073121914","54.12","2","4","23","11","6","","","","","","11","18","4","2","2","9","","","","","",""
"Zwift - Race Simulation in Watopia","Bike","","","","2024-05-26","","41921.30859375","203","338","864.184","","1.17916667461395","9.875","","78","","149","187","","","0.854057048098852","85.23","1","10","24","25","11","","","","","","10","22","18","12","8","1","","","","","",""
"Zwift - SST (Med) in Watopia","Bike","","","","2024-05-28","","51712.05078125","209","277","1072.183","","1.42083334922791","10.1090002059937","","76","","153","175","","","0.84416683910837","100.72","3","9","12","45","17","","","","","","4","19","32","30","1","0","","","","","",""
"Zwift - Workout of the Week | Build and Release in Watopia","Bike","","","","2024-05-29","","32348.240234375","204","413","658.074","","0.890555560588837","10.08899974823","","79","","139","179","","","0.855298229331137","64.84","3","20","13","12","6","","","","","","3","30","8","7","1","5","","","","","",""
"Zwift - Sub Threshold #2 in Watopia","Bike","","","","2024-05-30","","45190.98828125","196","331","888.629","","1.25472223758698","10.003999710083","","83","","151","175","","","0.820625145847001","84.24","0","4","35","21","15","","","","","","9","30","8","25","3","0","","","","","",""
